frame_idx,time_sec,measure_active,angle_deg,angular_velocity_deg_s
0,0.0000,0,7.0064,
1,0.0333,0,7.3029,
2,0.0667,0,7.0122,
3,0.1000,0,6.9171,
4,0.1333,0,6.3332,
5,0.1667,0,6.3671,
6,0.2000,0,6.7797,
7,0.2333,0,6.8185,
8,0.2667,0,9.8525,
9,0.3000,0,9.0510,
10,0.3333,0,11.4740,
11,0.3667,0,11.3396,
12,0.4000,0,11.6421,
13,0.4333,0,11.5593,
14,0.4667,0,12.5978,
15,0.5000,0,9.7052,
16,0.5333,0,9.6400,
17,0.5667,0,7.9850,
18,0.6000,0,7.3230,
19,0.6333,0,7.5110,
20,0.6667,0,11.4470,
21,0.7000,0,9.5794,
22,0.7333,0,11.5265,
23,0.7667,0,7.0999,
24,0.8000,0,7.2628,
25,0.8333,0,7.8126,
26,0.8667,0,9.6137,
27,0.9000,0,10.6072,
28,0.9333,0,11.9920,
29,0.9667,0,12.7390,
30,1.0000,0,12.7226,
31,1.0333,0,14.2990,
32,1.0667,0,14.6477,
33,1.1000,0,13.2542,
34,1.1333,0,12.9391,
35,1.1667,0,11.5152,
36,1.2000,0,12.5630,
37,1.2333,0,14.0547,
38,1.2667,0,16.7968,
39,1.3000,0,16.6067,
40,1.3333,0,18.1362,
41,1.3667,0,14.9455,
42,1.4000,0,5.9470,
43,1.4333,0,24.6660,
44,1.4667,0,19.3171,
45,1.5000,0,20.9718,
46,1.5333,0,21.4365,
47,1.5667,0,25.9280,
48,1.6000,0,26.0617,
49,1.6333,0,27.7442,
50,1.6667,0,26.6446,
51,1.7000,0,25.7757,
52,1.7333,0,27.8931,
53,1.7667,0,27.1141,
54,1.8000,0,22.3421,
55,1.8333,0,19.5779,
56,1.8667,0,12.9529,
57,1.9000,0,1.2553,
58,1.9333,0,9.9712,
59,1.9667,0,26.8332,
60,2.0000,1,42.1357,507.6014
61,2.0333,1,60.6733,279.3388
62,2.0667,1,60.7583,166.0674
63,2.1000,1,71.7444,400.2405
64,2.1333,1,87.4410,511.1598
65,2.1667,1,105.8217,442.4328
66,2.2000,1,116.9365,307.2624
67,2.2333,1,126.3059,292.7584
68,2.2667,1,136.4538,183.8121
69,2.3000,1,138.5600,17.4402
70,2.3333,1,137.6164,-17.1694
71,2.3667,1,137.4154,-71.0764
72,2.4000,1,132.8780,-142.2062
73,2.4333,1,127.9350,-157.4534
74,2.4667,1,122.3811,-532.3781
75,2.5000,1,92.4431,-702.3532
76,2.5333,1,75.5576,-448.7368
77,2.5667,1,62.5273,-402.9004
78,2.6000,1,48.6975,-466.9080
79,2.6333,1,31.4001,-431.7879
80,2.6667,0,19.9117,
81,2.7000,0,8.6868,
82,2.7333,0,1.1114,
83,2.7667,0,8.0978,
84,2.8000,0,13.2660,
85,2.8333,0,12.8421,
86,2.8667,0,12.3535,
87,2.9000,0,11.0333,
88,2.9333,0,8.9454,
89,2.9667,0,8.0552,
90,3.0000,0,8.3380,
91,3.0333,0,10.0038,
92,3.0667,0,9.5449,
93,3.1000,0,8.8664,
94,3.1333,0,9.1605,
95,3.1667,0,9.0395,
96,3.2000,0,8.4572,
97,3.2333,0,8.0127,
98,3.2667,0,9.7447,
99,3.3000,0,9.7617,
100,3.3333,0,9.6852,
101,3.3667,0,9.4837,
102,3.4000,0,9.7240,
103,3.4333,0,10.9079,
104,3.4667,0,11.0543,
105,3.5000,0,8.9303,
106,3.5333,0,8.2009,
107,3.5667,0,9.0410,
108,3.6000,0,9.9252,
109,3.6333,0,10.5968,
110,3.6667,0,9.4708,
111,3.7000,0,9.2594,
112,3.7333,0,9.0029,
113,3.7667,0,8.7442,
114,3.8000,0,10.1492,
115,3.8333,0,9.1779,
116,3.8667,0,8.4669,
117,3.9000,0,10.7940,
118,3.9333,0,9.4013,
119,3.9667,0,10.4412,
120,4.0000,0,13.5878,
121,4.0333,0,13.9754,
122,4.0667,0,13.9338,
123,4.1000,0,14.7986,
124,4.1333,0,17.1254,
125,4.1667,0,18.8633,
126,4.2000,0,15.9136,
127,4.2333,0,17.7875,
128,4.2667,0,16.1280,
129,4.3000,0,17.4944,
130,4.3333,0,18.8954,
131,4.3667,0,19.2426,
132,4.4000,0,20.2555,
133,4.4333,0,20.4147,
134,4.4667,0,21.5758,
135,4.5000,0,23.4351,
136,4.5333,0,21.1455,
137,4.5667,0,22.4478,
138,4.6000,0,20.8213,
139,4.6333,0,12.0613,
140,4.6667,0,1.4062,
141,4.7000,0,14.6759,
142,4.7333,0,27.6193,
143,4.7667,1,40.2554,346.7317
144,4.8000,1,50.7347,410.2981
145,4.8333,1,67.6086,479.4260
146,4.8667,1,82.6964,664.0974
147,4.9000,1,111.8817,506.8212
148,4.9333,1,116.4845,197.8774
149,4.9667,1,125.0736,263.0886
150,5.0000,1,134.0238,303.2231
151,5.0333,1,145.2884,167.0533
152,5.0667,1,145.1606,41.8811
153,5.1000,1,148.0805,78.1816
154,5.1333,1,150.3728,-66.8505
155,5.1667,1,143.6238,-212.4535
156,5.2000,1,136.2092,-280.1587
157,5.2333,1,124.9466,-332.9836
158,5.2667,1,114.0103,-179.0634
159,5.3000,1,113.0090,-446.4990
160,5.3333,1,84.2437,-698.8074
161,5.3667,1,66.4218,-541.3174
162,5.4000,1,48.1559,-459.6786
163,5.4333,1,35.7766,-411.8354
164,5.4667,0,20.7002,
165,5.5000,0,3.8496,
166,5.5333,0,7.4507,
167,5.5667,0,10.5851,
168,5.6000,0,9.8266,
169,5.6333,0,9.7697,
170,5.6667,0,9.1282,
171,5.7000,0,11.6666,
172,5.7333,0,12.8954,
173,5.7667,0,12.8673,
174,5.8000,0,12.9262,
175,5.8333,0,10.9244,
176,5.8667,0,10.2906,
177,5.9000,0,11.1739,
178,5.9333,0,11.7691,
179,5.9667,0,12.2272,
180,6.0000,0,10.3280,
181,6.0333,0,9.9741,
182,6.0667,0,10.4378,
183,6.1000,0,10.3821,
184,6.1333,0,11.7310,
185,6.1667,0,11.4993,
186,6.2000,0,10.8231,
187,6.2333,0,11.2109,
188,6.2667,0,11.7241,
189,6.3000,0,11.8730,
190,6.3333,0,10.7780,
191,6.3667,0,11.9655,
192,6.4000,0,10.9104,
193,6.4333,0,14.0183,
194,6.4667,0,9.3546,
195,6.5000,0,18.3066,
196,6.5333,0,17.4149,
197,6.5667,0,16.4660,
198,6.6000,0,15.1411,
199,6.6333,0,16.6530,
200,6.6667,0,15.5191,
201,6.7000,0,18.9505,
202,6.7333,0,17.7148,
203,6.7667,0,15.4101,
204,6.8000,0,17.4720,
205,6.8333,0,21.3877,
206,6.8667,0,21.1730,
207,6.9000,0,17.0454,
208,6.9333,0,16.7369,
209,6.9667,0,7.0594,
210,7.0000,0,3.5155,
211,7.0333,0,19.7292,
212,7.0667,0,19.5950,
213,7.1000,1,32.9479,449.8861
214,7.1333,1,49.5874,411.4233
215,7.1667,1,60.3762,312.0349
216,7.2000,1,70.3898,359.6333
217,7.2333,1,84.3517,426.5471
218,7.2667,1,98.8262,547.1377
219,7.3000,1,120.8276,400.2010
220,7.3333,1,125.5063,188.3106
221,7.3667,1,133.3816,197.8607
222,7.4000,1,138.6970,177.0838
223,7.4333,1,145.1872,79.8530
224,7.4667,1,144.0205,-74.8582
225,7.5000,1,140.1966,-160.5733
226,7.5333,1,133.3157,-278.5183
227,7.5667,1,121.6288,-604.1533
228,7.6000,1,93.0388,-691.9993
229,7.6333,1,75.4955,-526.3191
230,7.6667,1,57.9508,-499.8564
231,7.7000,1,42.1717,-432.8761
232,7.7333,0,29.0924,
233,7.7667,0,12.0275,
234,7.8000,0,2.7429,
235,7.8333,0,4.7195,
236,7.8667,0,10.8012,
237,7.9000,0,11.4042,
238,7.9333,0,10.5822,
239,7.9667,0,11.9977,
240,8.0000,0,12.0421,
241,8.0333,0,11.4512,
242,8.0667,0,10.9254,
243,8.1000,0,12.1107,
244,8.1333,0,10.4303,
245,8.1667,0,10.0370,
246,8.2000,0,8.9540,
247,8.2333,0,10.1003,
248,8.2667,0,11.2167,
249,8.3000,0,11.7745,
250,8.3333,0,12.1645,
251,8.3667,0,11.1120,
252,8.4000,0,11.8527,
253,8.4333,0,12.0434,
254,8.4667,0,11.4694,
255,8.5000,0,11.4746,
256,8.5333,0,10.8255,
257,8.5667,0,11.7608,
258,8.6000,0,11.3133,
259,8.6333,0,11.3419,
260,8.6667,0,11.0531,
261,8.7000,0,10.8731,
262,8.7333,0,10.7615,
263,8.7667,0,11.0043,
264,8.8000,0,11.6336,
265,8.8333,0,11.3285,
266,8.8667,0,11.9377,
267,8.9000,0,12.5446,
268,8.9333,0,12.3690,
269,8.9667,0,11.4937,
270,9.0000,0,10.6192,
271,9.0333,0,11.7235,
272,9.0667,0,11.4349,
273,9.1000,0,10.6402,
274,9.1333,0,11.5723,
275,9.1667,0,11.7962,
276,9.2000,0,11.6458,
277,9.2333,0,10.0203,
278,9.2667,0,11.2408,
279,9.3000,0,10.7018,
280,9.3333,0,10.7065,
281,9.3667,0,10.4611,
282,9.4000,0,12.9434,
283,9.4333,0,10.8891,
284,9.4667,0,11.1918,
285,9.5000,0,10.5664,
286,9.5333,0,10.7976,
287,9.5667,0,10.3007,
288,9.6000,0,10.1524,
289,9.6333,0,11.3001,
290,9.6667,0,11.2229,
291,9.7000,0,11.7851,
292,9.7333,0,12.5105,
293,9.7667,0,12.4025,
294,9.8000,0,11.7130,
295,9.8333,0,11.4081,
296,9.8667,0,9.6270,
297,9.9000,0,8.7934,
298,9.9333,0,10.7342,
299,9.9667,0,9.1364,
300,10.0000,0,11.0459,
301,10.0333,0,8.9712,
302,10.0667,0,9.0232,
303,10.1000,0,9.2605,
304,10.1333,0,10.1468,
305,10.1667,0,11.6588,
306,10.2000,0,9.7034,
307,10.2333,0,11.4165,
308,10.2667,0,9.6573,
309,10.3000,0,11.7648,
310,10.3333,0,14.9949,
311,10.3667,0,15.8931,
312,10.4000,0,19.1932,
313,10.4333,0,20.6917,
314,10.4667,0,19.4435,
315,10.5000,0,19.0913,
316,10.5333,0,20.3815,
317,10.5667,0,18.6851,
318,10.6000,0,16.2390,
319,10.6333,0,17.1661,
320,10.6667,0,18.1574,
321,10.7000,0,19.8534,
322,10.7333,0,19.7941,
323,10.7667,0,13.2063,
324,10.8000,0,14.6397,
325,10.8333,0,13.8311,
326,10.8667,0,1.8454,
327,10.9000,0,7.5939,
328,10.9333,0,13.3855,
329,10.9667,0,26.3818,
330,11.0000,1,34.6803,255.8230
331,11.0333,1,43.4367,131.4150
332,11.0667,1,43.4413,118.7141
333,11.1000,1,51.3509,291.8356
334,11.1333,1,62.8970,349.9023
335,11.1667,1,74.6777,292.7905
336,11.2000,1,82.4163,238.5634
337,11.2333,1,90.5820,244.8164
338,11.2667,1,98.7374,256.8962
339,11.3000,1,107.7084,182.0391
340,11.3333,1,110.8734,68.9129
341,11.3667,1,112.3026,35.3105
342,11.4000,1,113.2274,17.1403
343,11.4333,1,113.4453,-29.6179
344,11.4667,1,111.2529,-118.0999
345,11.5000,1,105.5719,-275.4659
346,11.5333,1,92.8885,-323.7230
347,11.5667,1,83.9904,-256.1851
348,11.6000,1,75.8095,-233.2492
349,11.6333,1,68.4405,-235.7606
350,11.6667,1,60.0921,-328.2331
351,11.7000,1,46.5583,-317.7774
352,11.7333,1,38.9069,-269.6225
353,11.7667,0,28.5834,
354,11.8000,0,19.1758,
355,11.8333,0,8.3807,
356,11.8667,0,1.8403,
357,11.9000,0,5.1126,
358,11.9333,0,7.5712,
359,11.9667,0,13.6610,
360,12.0000,0,18.5952,
361,12.0333,0,19.3189,
362,12.0667,0,19.6637,
363,12.1000,0,19.6133,
364,12.1333,0,20.4996,
365,12.1667,0,21.0516,
366,12.2000,0,21.3344,
367,12.2333,0,18.7744,
368,12.2667,0,21.6686,
369,12.3000,0,19.4980,
370,12.3333,0,15.3804,
371,12.3667,0,17.7982,
372,12.4000,0,12.6242,
373,12.4333,0,11.1106,
374,12.4667,0,9.7032,
375,12.5000,0,8.9446,
376,12.5333,0,7.6182,
377,12.5667,0,8.6656,
378,12.6000,0,9.7723,
379,12.6333,0,8.8584,
380,12.6667,0,10.6629,
381,12.7000,0,10.0791,
382,12.7333,0,10.9840,
383,12.7667,0,10.5256,
384,12.8000,0,8.9765,
385,12.8333,0,9.6704,
386,12.8667,0,8.1625,
387,12.9000,0,8.3948,
388,12.9333,0,6.9200,
389,12.9667,0,7.4201,
390,13.0000,0,8.6951,
391,13.0333,0,8.9403,
392,13.0667,0,8.4715,
393,13.1000,0,10.0577,
394,13.1333,0,9.0262,
395,13.1667,0,7.3504,
396,13.2000,0,6.9796,
397,13.2333,0,7.3892,
398,13.2667,0,9.6026,
399,13.3000,0,10.6271,
400,13.3333,0,10.6831,
401,13.3667,0,12.3492,
402,13.4000,0,15.0221,
403,13.4333,0,17.8390,
404,13.4667,0,20.1247,
405,13.5000,0,20.1736,
406,13.5333,0,21.2364,
407,13.5667,0,20.3159,
408,13.6000,0,18.7188,
409,13.6333,0,17.9751,
410,13.6667,0,19.5027,
411,13.7000,0,20.2509,
412,13.7333,0,21.4051,
413,13.7667,0,22.9562,
414,13.8000,0,23.1398,
415,13.8333,0,24.9124,
416,13.8667,0,23.7145,
417,13.9000,0,19.2461,
418,13.9333,0,6.0527,
419,13.9667,0,4.8758,
420,14.0000,0,8.6660,
421,14.0333,0,22.9349,
422,14.0667,0,23.8944,
423,14.1000,1,39.6854,386.1986
424,14.1333,1,49.6410,400.6702
425,14.1667,1,66.3967,437.9924
426,14.2000,1,78.8405,444.9639
427,14.2333,1,96.0610,538.5200
428,14.2667,1,114.7419,441.9502
429,14.3000,1,125.5243,269.2921
430,14.3333,1,132.6947,224.0628
431,14.3667,1,140.4619,220.1848
432,14.4000,1,147.3736,164.1829
433,14.4333,1,151.4074,-57.3087
434,14.4667,1,143.5531,-197.6043
435,14.5000,1,138.2338,-288.5472
436,14.5333,1,124.3166,-349.0362
437,14.5667,1,114.9647,-677.0790
438,14.6000,1,79.1780,-815.5838
439,14.6333,1,60.5924,-527.7110
440,14.6667,1,43.9972,-463.2900
441,14.7000,0,29.7064,
442,14.7333,0,13.8563,
443,14.7667,0,0.8377,
444,14.8000,0,9.8689,
445,14.8333,0,15.1229,
446,14.8667,0,16.2515,
447,14.9000,0,15.7804,
448,14.9333,0,18.1615,
449,14.9667,0,17.8030,
450,15.0000,0,23.7963,
451,15.0333,0,8.7457,
452,15.0667,0,11.5329,
453,15.1000,0,6.6192,
454,15.1333,0,12.9834,
455,15.1667,0,15.6281,
456,15.2000,0,15.3527,
457,15.2333,0,17.5237,
458,15.2667,0,17.7667,
459,15.3000,0,18.5418,
460,15.3333,0,22.6949,
461,15.3667,0,21.6546,
462,15.4000,0,21.5234,
463,15.4333,0,26.6948,
464,15.4667,0,26.4937,
465,15.5000,0,23.7587,
466,15.5333,0,26.2673,
467,15.5667,0,24.2121,
468,15.6000,0,21.4396,
469,15.6333,0,23.2940,
470,15.6667,0,18.2710,
471,15.7000,0,16.7473,
472,15.7333,0,10.2203,
473,15.7667,0,0.7886,
474,15.8000,0,11.4238,
475,15.8333,0,27.2415,
476,15.8667,1,46.1747,435.3442
477,15.9000,1,56.2644,499.6106
478,15.9333,1,79.4821,515.6305
479,15.9667,1,90.6398,449.3717
480,16.0000,1,109.4402,376.2551
481,16.0333,1,115.7235,248.4973
482,16.0667,1,126.0067,217.1890
483,16.1000,1,130.2027,569.9197
484,16.1333,1,164.0013,605.1358
485,16.1667,1,170.5451,-349.9073
486,16.2000,1,140.6741,-1432.8390
487,16.2333,1,75.0225,-288.9614
488,16.2667,1,121.4101,487.9489
489,16.3000,1,107.5525,-286.5850
490,16.3333,1,102.3044,-418.4679
491,16.3667,1,79.6546,-544.8856
492,16.4000,1,65.9787,-407.4863
493,16.4333,1,52.4888,-449.2530
494,16.4667,1,36.0285,-474.2364
495,16.5000,0,20.8731,
496,16.5333,0,20.7439,
497,16.5667,0,6.8080,
498,16.6000,0,4.3453,
499,16.6333,0,7.2065,
500,16.6667,0,8.7480,
501,16.7000,0,7.2620,
502,16.7333,0,7.3066,
503,16.7667,0,7.7284,
504,16.8000,0,11.4810,
505,16.8333,0,7.5478,
506,16.8667,0,6.3636,
507,16.9000,0,7.2876,
508,16.9333,0,7.3183,
509,16.9667,0,5.9904,
510,17.0000,0,7.4404,
511,17.0333,0,5.5058,
512,17.0667,0,7.1381,
513,17.1000,0,8.9428,
514,17.1333,0,6.4996,
515,17.1667,0,8.8615,
516,17.2000,0,17.6941,
517,17.2333,0,19.1377,
518,17.2667,0,20.5888,
519,17.3000,0,23.2603,
520,17.3333,0,4.0340,
521,17.3667,0,22.4385,
522,17.4000,0,26.1087,
523,17.4333,0,25.6309,
524,17.4667,0,28.8741,
525,17.5000,0,27.3801,
526,17.5333,0,27.1724,
527,17.5667,0,27.7634,
528,17.6000,1,34.6415,108.5484
529,17.6333,1,35.0000,51.9238
530,17.6667,1,38.1031,-25.0643
531,17.7000,1,33.3290,-141.4644
532,17.7333,0,28.6722,
533,17.7667,0,22.7842,
534,17.8000,0,14.1568,
535,17.8333,0,6.8060,
536,17.8667,0,9.3372,
537,17.9000,1,31.9896,575.2471
538,17.9333,1,47.6870,500.1486
539,17.9667,1,65.3328,480.8936
540,18.0000,1,79.7466,532.4288
541,18.0333,1,100.8281,507.3441
542,18.0667,1,113.5696,450.4596
543,18.1000,1,130.8587,444.4549
544,18.1333,1,143.1999,526.6299
545,18.1667,1,165.9674,153.6427
546,18.2000,1,153.4427,-176.7115
547,18.2333,1,154.1866,-120.0053
548,18.2667,1,145.4424,-262.3026
549,18.3000,1,136.6998,-341.7853
550,18.3333,1,122.6567,-388.3119
551,18.3667,1,110.8123,-420.5821
552,18.4000,1,94.6179,-559.9967
553,18.4333,1,73.4792,-352.9935
554,18.4667,1,71.0850,-271.7111
555,18.5000,1,55.3651,-220.4552
556,18.5333,1,56.3880,-222.7552
557,18.5667,1,40.5148,-529.2781
558,18.6000,0,21.1028,
559,18.6333,0,2.6957,
560,18.6667,0,9.7524,
561,18.7000,0,14.3194,
562,18.7333,0,19.5843,
563,18.7667,0,18.7625,
564,18.8000,0,20.0675,
565,18.8333,0,20.5180,
566,18.8667,0,20.5674,
567,18.9000,0,20.3344,
568,18.9333,0,20.8926,
569,18.9667,0,18.8771,
570,19.0000,0,18.4136,
571,19.0333,0,17.2303,
572,19.0667,0,17.5904,
573,19.1000,0,16.7274,
574,19.1333,0,17.2010,
575,19.1667,0,17.1452,
576,19.2000,0,13.9566,
577,19.2333,0,11.5152,
578,19.2667,0,10.0918,
579,19.3000,0,9.7977,
580,19.3333,0,7.6823,
581,19.3667,0,7.3070,
582,19.4000,0,3.6440,
583,19.4333,0,,
584,19.4667,0,,
585,19.5000,0,,
586,19.5333,0,,
587,19.5667,0,,
588,19.6000,0,,
589,19.6333,0,,
590,19.6667,0,,
591,19.7000,0,,
592,19.7333,0,,
593,19.7667,0,,
594,19.8000,0,,
595,19.8333,0,,
596,19.8667,0,,
597,19.9000,0,,
598,19.9333,0,,
599,19.9667,0,,
600,20.0000,0,,
601,20.0333,1,30.9990,
602,20.0667,1,70.9584,
603,20.1000,0,,
604,20.1333,0,25.7258,
605,20.1667,0,29.5023,
606,20.2000,0,25.6306,
607,20.2333,0,3.6501,
608,20.2667,0,13.8750,
609,20.3000,0,0.2464,
610,20.3333,0,10.8954,
611,20.3667,0,9.6825,
612,20.4000,0,0.2930,
613,20.4333,0,5.5995,
614,20.4667,0,10.8601,
615,20.5000,1,102.5939,1185.2635
616,20.5333,1,89.8777,
617,20.5667,0,,
618,20.6000,0,16.6019,
619,20.6333,0,18.5734,
620,20.6667,0,,
621,20.7000,0,,
622,20.7333,0,,
623,20.7667,0,,
624,20.8000,0,,
625,20.8333,0,,
626,20.8667,0,,
627,20.9000,0,,
628,20.9333,0,,
629,20.9667,0,,
630,21.0000,0,0.9624,
631,21.0333,0,2.6552,
632,21.0667,0,8.4976,
633,21.1000,0,11.0111,
634,21.1333,0,8.6402,
635,21.1667,0,15.1212,
636,21.2000,0,14.5889,
637,21.2333,0,14.6175,
638,21.2667,0,18.4821,
639,21.3000,0,12.8438,
640,21.3333,0,12.0555,
641,21.3667,0,13.3226,
642,21.4000,0,13.2967,
643,21.4333,0,13.6496,
644,21.4667,0,4.7219,
645,21.5000,0,15.4046,
646,21.5333,0,11.8083,
647,21.5667,0,9.2801,
648,21.6000,0,10.9772,
649,21.6333,0,7.5671,
650,21.6667,0,0.5348,
651,21.7000,0,3.7799,
652,21.7333,0,2.4092,
653,21.7667,0,2.6273,
654,21.8000,0,16.2655,
655,21.8333,0,17.5159,
656,21.8667,0,20.7481,
657,21.9000,0,29.3819,
658,21.9333,1,30.8499,27.2696
659,21.9667,1,31.1998,1005.0328
660,22.0000,1,97.8521,-179.1417
661,22.0333,0,19.2571,
662,22.0667,0,4.1996,
663,22.1000,0,14.4245,
664,22.1333,1,34.5460,549.2846
665,22.1667,1,51.0434,416.4025
666,22.2000,1,62.3061,1016.7509
667,22.2333,1,118.8268,541.6677
668,22.2667,1,98.4173,9.2862
669,22.3000,1,119.4459,615.5046
670,22.3333,1,139.4509,510.5503
671,22.3667,1,153.4826,382.4580
672,22.4000,1,164.9481,242.8685
673,22.4333,1,169.6738,32.5326
674,22.4667,1,167.1170,-196.1528
675,22.5000,1,156.5970,-266.9766
676,22.5333,1,149.3185,-293.7487
677,22.5667,1,137.0137,-465.4945
678,22.6000,1,118.2856,-519.9080
679,22.6333,1,102.3532,-484.6969
680,22.6667,1,85.9724,-618.2277
681,22.7000,1,61.1380,-531.6571
682,22.7333,1,50.5286,-157.7343
683,22.7667,1,50.6224,-213.5630
684,22.8000,1,36.2911,-394.4156
685,22.8333,0,24.3280,
686,22.8667,0,12.8285,
687,22.9000,0,5.8147,
688,22.9333,0,2.1877,
689,22.9667,0,0.6295,
690,23.0000,0,2.6932,
691,23.0333,0,1.4117,
692,23.0667,0,3.0226,
693,23.1000,0,3.7539,
694,23.1333,0,12.1450,
695,23.1667,0,17.7885,
696,23.2000,0,19.0808,
697,23.2333,0,18.8323,
698,23.2667,0,24.3868,
699,23.3000,0,27.4965,
700,23.3333,0,29.3161,
701,23.3667,1,37.0118,174.9239
702,23.4000,1,40.9776,8.7971
703,23.4333,1,37.5983,-11.9897
704,23.4667,1,40.1783,-122.7214
705,23.5000,0,29.4169,
706,23.5333,0,9.3965,
707,23.5667,0,5.9959,
708,23.6000,0,0.2580,
709,23.6333,0,9.7649,
710,23.6667,0,22.4319,
711,23.7000,0,2.4003,
712,23.7333,0,26.4012,
713,23.7667,0,26.7216,
714,23.8000,0,14.2248,
715,23.8333,0,28.6503,
716,23.8667,0,29.0182,
717,23.9000,0,26.7823,
718,23.9333,0,,
719,23.9667,0,,
720,24.0000,0,,
721,24.0333,0,,
722,24.0667,0,,
723,24.1000,0,,
724,24.1333,0,,
725,24.1667,0,,
726,24.2000,0,,
727,24.2333,0,,
728,24.2667,0,,
